Pos,Team,Driver,Time,Lap,Points,Race_ID,Year,Race_Name
1,McLaren,Norris,2.13,22,25.0,14,2023,Monza
2,Ferrari,Leclerc,2.32,20,18.0,14,2023,Monza
3,Red Bull,Perez,2.35,21,15.0,14,2023,Monza
4,AlphaTauri,Lawson,2.51,33,12.0,14,2023,Monza
5,AlphaTauri,Lawson,2.53,13,,14,2023,Monza
6,Red Bull,Verstappen,2.54,20,10.0,14,2023,Monza
7,Alfa Romeo,Zhou,2.63,11,8.0,14,2023,Monza
8,Mercedes,Russell,2.66,19,6.0,14,2023,Monza
9,Alpine,Ocon,2.69,24,4.0,14,2023,Monza
10,McLaren,Piastri,2.77,23,2.0,14,2023,Monza
11,Mercedes,Hamilton,2.83,27,1.0,14,2023,Monza
12,Haas,Magnussen,2.98,12,,14,2023,Monza
13,Alfa Romeo,Bottas,3.01,25,,14,2023,Monza
14,Williams,Albon,3.05,15,,14,2023,Monza
15,Alpine,Gasly,3.05,31,,14,2023,Monza
16,Haas,Hulkenberg,3.17,39,,14,2023,Monza
17,Aston Martin,Alonso,3.18,21,,14,2023,Monza
18,Haas,Magnussen,3.18,33,,14,2023,Monza
19,Williams,Sargeant,3.24,14,,14,2023,Monza
20,Ferrari,Sainz,3.35,19,,14,2023,Monza
21,Aston Martin,Stroll,3.96,20,,14,2023,Monza
22,Alfa Romeo,Zhou,4.15,33,,14,2023,Monza
23,Haas,Hulkenberg,4.48,14,,14,2023,Monza
24,Alpine,Gasly,5.98,10,,14,2023,Monza
25,McLaren,Piastri,10.21,41,,14,2023,Monza
1,Red Bull,Verstappen,2.01,61,25.0,13,2023,Zandvoort
2,Red Bull,Verstappen,2.21,49,,13,2023,Zandvoort
3,McLaren,Piastri,2.27,15,18.0,13,2023,Zandvoort
4,McLaren,Norris,2.27,42,15.0,13,2023,Zandvoort
5,Alpine,Ocon,2.43,10,12.0,13,2023,Zandvoort
6,AlphaTauri,Lawson,2.43,59,10.0,13,2023,Zandvoort
7,McLaren,Piastri,2.43,46,,13,2023,Zandvoort
8,Aston Martin,Stroll,2.46,4,8.0,13,2023,Zandvoort
9,Red Bull,Perez,2.46,45,6.0,13,2023,Zandvoort
10,Alpine,Ocon,2.48,43,,13,2023,Zandvoort
11,AlphaTauri,Lawson,2.51,46,,13,2023,Zandvoort
12,Red Bull,Verstappen,2.55,11,,13,2023,Zandvoort
13,AlphaTauri,Lawson,2.55,17,,13,2023,Zandvoort
14,Alpine,Gasly,2.58,11,4.0,13,2023,Zandvoort
15,AlphaTauri,Tsunoda,2.59,10,2.0,13,2023,Zandvoort
16,Alfa Romeo,Bottas,2.69,59,1.0,13,2023,Zandvoort
17,Red Bull,Perez,2.69,12,,13,2023,Zandvoort
18,Alpine,Gasly,2.69,60,,13,2023,Zandvoort
19,Aston Martin,Stroll,2.71,16,,13,2023,Zandvoort
20,Ferrari,Sainz,2.71,2,,13,2023,Zandvoort
21,Alfa Romeo,Zhou,2.82,10,,13,2023,Zandvoort
22,Red Bull,Verstappen,2.83,63,,13,2023,Zandvoort
23,McLaren,Norris,2.84,3,,13,2023,Zandvoort
24,Aston Martin,Alonso,2.88,2,,13,2023,Zandvoort
25,Mercedes,Hamilton,2.89,3,,13,2023,Zandvoort
26,Mercedes,Russell,2.9,16,,13,2023,Zandvoort
27,Red Bull,Perez,2.91,1,,13,2023,Zandvoort
28,Ferrari,Sainz,2.92,10,,13,2023,Zandvoort
29,Alfa Romeo,Zhou,2.93,1,,13,2023,Zandvoort
30,Aston Martin,Alonso,2.98,10,,13,2023,Zandvoort
31,Ferrari,Sainz,2.99,41,,13,2023,Zandvoort
32,Red Bull,Verstappen,3.02,2,,13,2023,Zandvoort
33,Ferrari,Sainz,3.03,60,,13,2023,Zandvoort
34,AlphaTauri,Tsunoda,3.05,60,,13,2023,Zandvoort
35,Aston Martin,Alonso,3.05,61,,13,2023,Zandvoort
36,Mercedes,Russell,3.09,10,,13,2023,Zandvoort
37,Aston Martin,Stroll,3.1,34,,13,2023,Zandvoort
38,McLaren,Norris,3.12,60,,13,2023,Zandvoort
39,Mercedes,Hamilton,3.14,9,,13,2023,Zandvoort
40,Mercedes,Hamilton,3.14,45,,13,2023,Zandvoort
41,McLaren,Piastri,3.15,60,,13,2023,Zandvoort
42,Williams,Albon,3.17,44,,13,2023,Zandvoort
43,Aston Martin,Stroll,3.21,9,,13,2023,Zandvoort
44,Red Bull,Perez,3.27,63,,13,2023,Zandvoort
45,Mercedes,Russell,3.34,60,,13,2023,Zandvoort
46,Haas,Magnussen,3.35,9,,13,2023,Zandvoort
47,Alfa Romeo,Bottas,3.35,16,,13,2023,Zandvoort
48,Haas,Hulkenberg,3.35,48,,13,2023,Zandvoort
49,McLaren,Norris,3.37,10,,13,2023,Zandvoort
50,Alfa Romeo,Bottas,3.46,47,,13,2023,Zandvoort
51,Alfa Romeo,Zhou,3.61,37,,13,2023,Zandvoort
52,Aston Martin,Stroll,3.68,60,,13,2023,Zandvoort
53,Alfa Romeo,Zhou,3.78,60,,13,2023,Zandvoort
54,Mercedes,Russell,3.8,4,,13,2023,Zandvoort
55,Mercedes,Russell,3.8,67,,13,2023,Zandvoort
56,Haas,Hulkenberg,3.82,16,,13,2023,Zandvoort
57,Haas,Magnussen,3.82,35,,13,2023,Zandvoort
58,Williams,Albon,3.94,61,,13,2023,Zandvoort
59,Mercedes,Hamilton,3.96,60,,13,2023,Zandvoort
60,Alpine,Ocon,4.07,61,,13,2023,Zandvoort
61,Alpine,Ocon,4.09,2,,13,2023,Zandvoort
62,Haas,Magnussen,4.83,60,,13,2023,Zandvoort
63,Haas,Hulkenberg,5.1,60,,13,2023,Zandvoort
64,Aston Martin,Alonso,8.39,48,,13,2023,Zandvoort
65,AlphaTauri,Lawson,9.0,1,,13,2023,Zandvoort
66,Ferrari,Leclerc,10.24,11,,13,2023,Zandvoort
67,Alpine,Gasly,10.61,1,,13,2023,Zandvoort
68,Haas,Magnussen,10.74,1,,13,2023,Zandvoort
69,Red Bull,Perez,10.92,60,,13,2023,Zandvoort
70,Ferrari,Leclerc,13.58,1,,13,2023,Zandvoort
71,AlphaTauri,Tsunoda,14.66,1,,13,2023,Zandvoort
1,Ferrari,Leclerc,2.19,13,25.0,12,2023,Spa
2,Red Bull,Perez,2.24,29,18.0,12,2023,Spa
3,AlphaTauri,Tsunoda,2.29,9,15.0,12,2023,Spa
4,AlphaTauri,Ricciardo,2.35,5,12.0,12,2023,Spa
5,Red Bull,Verstappen,2.38,30,10.0,12,2023,Spa
6,Aston Martin,Alonso,2.42,10,8.0,12,2023,Spa
7,Alpine,Ocon,2.45,6,6.0,12,2023,Spa
8,AlphaTauri,Tsunoda,2.49,24,,12,2023,Spa
9,Red Bull,Verstappen,2.51,14,,12,2023,Spa
10,AlphaTauri,Ricciardo,2.56,22,,12,2023,Spa
11,Ferrari,Sainz,2.65,7,4.0,12,2023,Spa
12,Ferrari,Leclerc,2.74,28,,12,2023,Spa
13,Williams,Sargeant,2.75,34,2.0,12,2023,Spa
14,Mercedes,Hamilton,2.76,12,1.0,12,2023,Spa
15,Alpine,Ocon,2.76,25,,12,2023,Spa
16,Williams,Albon,2.84,23,,12,2023,Spa
17,Mercedes,Hamilton,2.85,27,,12,2023,Spa
18,Williams,Albon,2.92,33,,12,2023,Spa
19,Mercedes,Russell,2.93,22,,12,2023,Spa
20,Mercedes,Hamilton,2.93,42,,12,2023,Spa
21,Haas,Magnussen,3.02,5,,12,2023,Spa
22,Alfa Romeo,Bottas,3.09,6,,12,2023,Spa
23,Haas,Magnussen,3.11,25,,12,2023,Spa
24,Williams,Sargeant,3.13,8,,12,2023,Spa
25,Red Bull,Perez,3.22,13,,12,2023,Spa
26,Alfa Romeo,Bottas,3.24,24,,12,2023,Spa
27,McLaren,Norris,3.33,17,,12,2023,Spa
28,Aston Martin,Alonso,3.33,29,,12,2023,Spa
29,Alfa Romeo,Zhou,3.42,25,,12,2023,Spa
30,Williams,Sargeant,3.44,24,,12,2023,Spa
31,Alfa Romeo,Zhou,3.88,7,,12,2023,Spa
32,Haas,Hulkenberg,3.99,12,,12,2023,Spa
33,Aston Martin,Stroll,4.36,20,,12,2023,Spa
34,McLaren,Norris,4.38,5,,12,2023,Spa
35,Williams,Albon,4.71,7,,12,2023,Spa
36,Alpine,Gasly,5.01,23,,12,2023,Spa
37,Haas,Hulkenberg,5.11,24,,12,2023,Spa
1,Red Bull,Perez,1.98,42,25.0,11,2023,Budapest
2,McLaren,Piastri,2.01,18,18.0,11,2023,Budapest
3,Ferrari,Sainz,2.14,15,15.0,11,2023,Budapest
4,McLaren,Norris,2.15,44,12.0,11,2023,Budapest
5,Ferrari,Leclerc,2.27,43,10.0,11,2023,Budapest
6,McLaren,Norris,2.32,17,,11,2023,Budapest
7,AlphaTauri,Tsunoda,2.37,44,8.0,11,2023,Budapest
8,Red Bull,Verstappen,2.38,23,6.0,11,2023,Budapest
9,AlphaTauri,Ricciardo,2.5,18,4.0,11,2023,Budapest
10,Aston Martin,Stroll,2.61,9,2.0,11,2023,Budapest
11,Red Bull,Verstappen,2.64,51,,11,2023,Budapest
12,Ferrari,Sainz,2.71,44,,11,2023,Budapest
13,Haas,Hulkenberg,2.73,38,1.0,11,2023,Budapest
14,Mercedes,Russell,2.76,46,,11,2023,Budapest
15,Red Bull,Perez,2.8,24,,11,2023,Budapest
16,Williams,Albon,2.82,8,,11,2023,Budapest
17,Mercedes,Hamilton,2.83,49,,11,2023,Budapest
18,Mercedes,Hamilton,2.85,16,,11,2023,Budapest
19,McLaren,Piastri,2.89,42,,11,2023,Budapest
20,Mercedes,Russell,2.91,28,,11,2023,Budapest
21,Haas,Magnussen,2.92,41,,11,2023,Budapest
22,Williams,Albon,2.94,31,,11,2023,Budapest
23,AlphaTauri,Ricciardo,2.95,29,,11,2023,Budapest
24,Williams,Sargeant,2.96,34,,11,2023,Budapest
25,Alfa Romeo,Bottas,3.07,9,,11,2023,Budapest
26,Aston Martin,Stroll,3.26,34,,11,2023,Budapest
27,Aston Martin,Alonso,3.42,20,,11,2023,Budapest
28,Alfa Romeo,Zhou,3.6,38,,11,2023,Budapest
29,Haas,Magnussen,3.75,14,,11,2023,Budapest
30,Alfa Romeo,Bottas,3.9,40,,11,2023,Budapest
31,Haas,Hulkenberg,3.97,16,,11,2023,Budapest
32,Williams,Sargeant,4.58,13,,11,2023,Budapest
33,Aston Martin,Alonso,4.71,43,,11,2023,Budapest
34,AlphaTauri,Tsunoda,7.37,9,,11,2023,Budapest
35,Ferrari,Leclerc,9.46,17,,11,2023,Budapest
36,Alfa Romeo,Zhou,9.74,10,,11,2023,Budapest
1,McLaren,Norris,2.23,33,25.0,10,2023,Silverstone
2,Ferrari,Leclerc,2.32,18,18.0,10,2023,Silverstone
3,Aston Martin,Stroll,2.35,31,15.0,10,2023,Silverstone
4,Alpine,Gasly,2.37,31,12.0,10,2023,Silverstone
5,Ferrari,Sainz,2.41,26,10.0,10,2023,Silverstone
6,Red Bull,Perez,2.42,28,8.0,10,2023,Silverstone
7,McLaren,Piastri,2.42,29,6.0,10,2023,Silverstone
8,AlphaTauri,de Vries,2.46,32,4.0,10,2023,Silverstone
9,AlphaTauri,de Vries,2.48,27,,10,2023,Silverstone
10,Ferrari,Leclerc,2.57,32,,10,2023,Silverstone
11,AlphaTauri,Tsunoda,2.6,14,2.0,10,2023,Silverstone
12,Aston Martin,Alonso,2.67,33,1.0,10,2023,Silverstone
13,Williams,Sargeant,2.69,29,,10,2023,Silverstone
14,Red Bull,Verstappen,2.76,33,,10,2023,Silverstone
15,Alfa Romeo,Zhou,2.89,33,,10,2023,Silverstone
16,Alfa Romeo,Zhou,2.92,24,,10,2023,Silverstone
17,AlphaTauri,Tsunoda,3.11,32,,10,2023,Silverstone
18,Mercedes,Hamilton,3.22,33,,10,2023,Silverstone
19,Alfa Romeo,Bottas,3.35,32,,10,2023,Silverstone
20,Williams,Albon,3.54,32,,10,2023,Silverstone
21,Mercedes,Russell,3.95,28,,10,2023,Silverstone
22,Haas,Hulkenberg,4.09,32,,10,2023,Silverstone
23,Alfa Romeo,Zhou,8.27,36,,10,2023,Silverstone
24,Haas,Hulkenberg,16.16,7,,10,2023,Silverstone
1,McLaren,Norris,2.1,14,25.0,9,2023,Austria
2,AlphaTauri,de Vries,2.28,37,18.0,9,2023,Austria
3,AlphaTauri,de Vries,2.31,12,,9,2023,Austria
4,Red Bull,Verstappen,2.32,24,15.0,9,2023,Austria
5,Red Bull,Verstappen,2.33,49,,9,2023,Austria
6,Red Bull,Verstappen,2.38,69,,9,2023,Austria
7,Ferrari,Leclerc,2.4,47,12.0,9,2023,Austria
8,Williams,Sargeant,2.45,43,10.0,9,2023,Austria
9,Red Bull,Perez,2.46,50,8.0,9,2023,Austria
10,Alpine,Gasly,2.54,14,6.0,9,2023,Austria
11,Aston Martin,Alonso,2.55,44,4.0,9,2023,Austria
12,AlphaTauri,Tsunoda,2.6,43,2.0,9,2023,Austria
13,Alpine,Ocon,2.61,14,1.0,9,2023,Austria
14,Red Bull,Perez,2.66,25,,9,2023,Austria
15,Aston Martin,Stroll,2.69,54,,9,2023,Austria
16,Aston Martin,Stroll,2.72,36,,9,2023,Austria
17,Aston Martin,Alonso,2.74,15,,9,2023,Austria
18,Williams,Albon,2.75,14,,9,2023,Austria
19,Alfa Romeo,Bottas,2.81,40,,9,2023,Austria
20,Mercedes,Russell,2.87,41,,9,2023,Austria
21,Aston Martin,Stroll,2.89,15,,9,2023,Austria
22,Mercedes,Hamilton,2.91,14,,9,2023,Austria
23,Alfa Romeo,Zhou,3.0,38,,9,2023,Austria
24,McLaren,Piastri,3.08,41,,9,2023,Austria
25,Haas,Hulkenberg,3.1,11,,9,2023,Austria
26,Haas,Magnussen,3.1,34,,9,2023,Austria
27,McLaren,Norris,3.12,41,,9,2023,Austria
28,McLaren,Piastri,3.14,14,,9,2023,Austria
29,Williams,Sargeant,3.21,14,,9,2023,Austria
30,Mercedes,Russell,3.29,14,,9,2023,Austria
31,Ferrari,Leclerc,4.46,15,,9,2023,Austria
32,Ferrari,Sainz,4.56,15,,9,2023,Austria
33,Alfa Romeo,Zhou,5.36,8,,9,2023,Austria
34,Haas,Magnussen,6.44,2,,9,2023,Austria
35,Haas,Magnussen,7.15,1,,9,2023,Austria
36,AlphaTauri,Tsunoda,8.47,23,,9,2023,Austria
37,Williams,Albon,8.86,41,,9,2023,Austria
38,Mercedes,Hamilton,8.94,42,,9,2023,Austria
39,Alpine,Gasly,9.25,44,,9,2023,Austria
40,Ferrari,Sainz,9.4,45,,9,2023,Austria
41,AlphaTauri,Tsunoda,10.27,1,,9,2023,Austria
42,McLaren,Piastri,10.61,22,,9,2023,Austria
43,Alpine,Ocon,11.34,40,,9,2023,Austria
44,Alfa Romeo,Bottas,12.44,21,,9,2023,Austria
1,Red Bull,Perez,2.23,68,25.0,8,2023,Canada
2,Red Bull,Verstappen,2.3,12,18.0,8,2023,Canada
3,Red Bull,Perez,2.31,37,,8,2023,Canada
4,Aston Martin,Alonso,2.34,12,15.0,8,2023,Canada
5,McLaren,Piastri,2.41,37,12.0,8,2023,Canada
6,AlphaTauri,Tsunoda,2.46,1,10.0,8,2023,Canada
7,McLaren,Norris,2.47,35,8.0,8,2023,Canada
8,Aston Martin,Stroll,2.48,11,6.0,8,2023,Canada
9,Alpine,Ocon,2.58,36,4.0,8,2023,Canada
10,Aston Martin,Stroll,2.59,27,,8,2023,Canada
11,Aston Martin,Alonso,2.67,41,,8,2023,Canada
12,Mercedes,Hamilton,2.77,40,2.0,8,2023,Canada
13,Red Bull,Verstappen,2.79,42,,8,2023,Canada
14,Alfa Romeo,Zhou,2.81,12,1.0,8,2023,Canada
15,Ferrari,Sainz,2.87,38,,8,2023,Canada
16,AlphaTauri,de Vries,2.91,50,,8,2023,Canada
17,Alfa Romeo,Bottas,2.92,36,,8,2023,Canada
18,Alpine,Ocon,2.96,12,,8,2023,Canada
19,Alpine,Gasly,2.98,33,,8,2023,Canada
20,Ferrari,Leclerc,2.99,39,,8,2023,Canada
21,Haas,Magnussen,3.01,53,,8,2023,Canada
22,Haas,Hulkenberg,3.12,31,,8,2023,Canada
23,Haas,Magnussen,3.19,35,,8,2023,Canada
24,Haas,Hulkenberg,3.23,11,,8,2023,Canada
25,Mercedes,Hamilton,3.26,12,,8,2023,Canada
26,McLaren,Piastri,3.3,12,,8,2023,Canada
27,Williams,Albon,3.69,12,,8,2023,Canada
28,AlphaTauri,de Vries,3.89,11,,8,2023,Canada
29,McLaren,Norris,4.22,12,,8,2023,Canada
30,Alfa Romeo,Zhou,6.34,32,,8,2023,Canada
31,AlphaTauri,Tsunoda,6.47,34,,8,2023,Canada
32,Alpine,Gasly,6.6,10,,8,2023,Canada
33,Mercedes,Russell,64.16,12,,8,2023,Canada
1,Red Bull,Perez,2.07,27,25.0,7,2023,Spain
2,Red Bull,Perez,2.26,50,,7,2023,Spain
3,Red Bull,Verstappen,2.28,26,18.0,7,2023,Spain
4,Alpine,Ocon,2.34,13,15.0,7,2023,Spain
5,McLaren,Norris,2.4,50,12.0,7,2023,Spain
6,Ferrari,Leclerc,2.46,16,10.0,7,2023,Spain
7,AlphaTauri,Tsunoda,2.51,34,8.0,7,2023,Spain
8,McLaren,Piastri,2.55,17,6.0,7,2023,Spain
9,Haas,Magnussen,2.6,10,4.0,7,2023,Spain
10,Mercedes,Russell,2.61,45,2.0,7,2023,Spain
11,Mercedes,Russell,2.65,25,,7,2023,Spain
12,Red Bull,Verstappen,2.65,52,,7,2023,Spain
13,Aston Martin,Stroll,2.68,14,1.0,7,2023,Spain
14,Williams,Sargeant,2.7,17,,7,2023,Spain
15,Aston Martin,Alonso,2.74,19,,7,2023,Spain
16,Aston Martin,Alonso,2.74,44,,7,2023,Spain
17,AlphaTauri,Tsunoda,2.76,10,,7,2023,Spain
18,AlphaTauri,de Vries,2.88,38,,7,2023,Spain
19,Haas,Hulkenberg,2.89,8,,7,2023,Spain
20,Ferrari,Sainz,2.97,45,,7,2023,Spain
21,AlphaTauri,de Vries,3.02,9,,7,2023,Spain
22,Mercedes,Hamilton,3.07,24,,7,2023,Spain
23,McLaren,Piastri,3.12,39,,7,2023,Spain
24,Ferrari,Sainz,3.14,41,,7,2023,Spain
25,McLaren,Norris,3.2,22,,7,2023,Spain
26,Haas,Magnussen,3.24,42,,7,2023,Spain
27,Aston Martin,Stroll,3.35,34,,7,2023,Spain
28,Ferrari,Leclerc,3.36,41,,7,2023,Spain
29,Mercedes,Hamilton,3.45,50,,7,2023,Spain
30,Williams,Albon,3.51,16,,7,2023,Spain
31,Alfa Romeo,Zhou,3.71,9,,7,2023,Spain
32,Alfa Romeo,Zhou,3.76,36,,7,2023,Spain
33,Haas,Hulkenberg,3.78,26,,7,2023,Spain
34,Williams,Albon,3.9,37,,7,2023,Spain
35,Alpine,Gasly,3.94,19,,7,2023,Spain
36,Williams,Sargeant,4.01,36,,7,2023,Spain
37,Alfa Romeo,Bottas,4.06,39,,7,2023,Spain
38,Alpine,Ocon,4.28,35,,7,2023,Spain
39,Alfa Romeo,Bottas,4.31,5,,7,2023,Spain
40,Haas,Magnussen,5.01,24,,7,2023,Spain
41,Haas,Hulkenberg,5.03,43,,7,2023,Spain
42,Alpine,Gasly,5.04,39,,7,2023,Spain
43,McLaren,Norris,17.69,1,,7,2023,Spain
1,Red Bull,Perez,2.15,53,25.0,6,2023,Monaco
2,Ferrari,Leclerc,2.24,44,18.0,6,2023,Monaco
3,Red Bull,Verstappen,2.43,55,15.0,6,2023,Monaco
4,Aston Martin,Alonso,2.47,54,12.0,6,2023,Monaco
5,Alpine,Ocon,2.56,54,10.0,6,2023,Monaco
6,Ferrari,Sainz,2.56,55,8.0,6,2023,Monaco
7,Alpine,Gasly,2.58,47,6.0,6,2023,Monaco
8,AlphaTauri,de Vries,2.6,53,4.0,6,2023,Monaco
9,Ferrari,Sainz,2.64,33,,6,2023,Monaco
10,Ferrari,Leclerc,2.66,55,,6,2023,Monaco
11,Aston Martin,Stroll,2.67,51,2.0,6,2023,Monaco
12,McLaren,Norris,2.76,50,1.0,6,2023,Monaco
13,McLaren,Piastri,2.78,54,,6,2023,Monaco
14,Williams,Albon,2.79,18,,6,2023,Monaco
15,Williams,Sargeant,2.9,20,,6,2023,Monaco
16,Aston Martin,Alonso,3.01,55,,6,2023,Monaco
17,Mercedes,Hamilton,3.01,31,,6,2023,Monaco
18,Haas,Hulkenberg,3.16,59,,6,2023,Monaco
19,Red Bull,Perez,3.21,1,,6,2023,Monaco
20,Alfa Romeo,Zhou,3.42,52,,6,2023,Monaco
21,Red Bull,Perez,3.44,70,,6,2023,Monaco
22,Alfa Romeo,Zhou,3.59,1,,6,2023,Monaco
23,Williams,Sargeant,3.72,52,,6,2023,Monaco
24,Mercedes,Hamilton,4.23,54,,6,2023,Monaco
25,Alpine,Ocon,4.27,32,,6,2023,Monaco
26,Williams,Albon,5.3,52,,6,2023,Monaco
27,Red Bull,Perez,5.66,57,,6,2023,Monaco
28,Williams,Sargeant,6.07,23,,6,2023,Monaco
29,McLaren,Norris,6.36,54,,6,2023,Monaco
30,Alpine,Gasly,7.79,54,,6,2023,Monaco
31,Alfa Romeo,Bottas,8.4,51,,6,2023,Monaco
32,Mercedes,Russell,8.85,54,,6,2023,Monaco
33,Haas,Hulkenberg,10.91,1,,6,2023,Monaco
34,Red Bull,Perez,11.01,34,,6,2023,Monaco
35,AlphaTauri,Tsunoda,11.5,53,,6,2023,Monaco
36,Haas,Hulkenberg,12.33,54,,6,2023,Monaco
37,Haas,Magnussen,24.8,56,,6,2023,Monaco
1,Ferrari,Sainz,2.21,18,25.0,5,2023,Miami
2,Red Bull,Perez,2.27,20,18.0,5,2023,Miami
3,McLaren,Piastri,2.31,5,15.0,5,2023,Miami
4,Mercedes,Hamilton,2.52,37,12.0,5,2023,Miami
5,Alpine,Gasly,2.57,15,10.0,5,2023,Miami
6,Ferrari,Leclerc,2.61,17,8.0,5,2023,Miami
7,Alpine,Ocon,2.62,39,6.0,5,2023,Miami
8,Williams,Albon,2.64,22,4.0,5,2023,Miami
9,Mercedes,Russell,2.71,17,2.0,5,2023,Miami
10,Aston Martin,Alonso,2.78,24,1.0,5,2023,Miami
11,Haas,Magnussen,2.79,14,,5,2023,Miami
12,Alfa Romeo,Bottas,2.89,15,,5,2023,Miami
13,Haas,Hulkenberg,2.99,33,,5,2023,Miami
14,Alfa Romeo,Zhou,3.02,31,,5,2023,Miami
15,Aston Martin,Stroll,3.04,42,,5,2023,Miami
16,Red Bull,Verstappen,3.13,45,,5,2023,Miami
17,AlphaTauri,Tsunoda,3.32,36,,5,2023,Miami
18,AlphaTauri,de Vries,3.57,15,,5,2023,Miami
19,McLaren,Norris,4.35,4,,5,2023,Miami
20,Williams,Sargeant,28.71,2,,5,2023,Miami
1,Red Bull,Perez,2.3,11,25.0,4,2023,Baku
2,McLaren,Norris,2.35,9,18.0,4,2023,Baku
3,Ferrari,Leclerc,2.49,11,15.0,4,2023,Baku
4,AlphaTauri,Tsunoda,2.55,8,12.0,4,2023,Baku
5,Alpine,Gasly,2.56,5,10.0,4,2023,Baku
6,Mercedes,Hamilton,2.68,9,8.0,4,2023,Baku
7,Alfa Romeo,Bottas,2.68,34,6.0,4,2023,Baku
8,Alpine,Ocon,2.74,50,4.0,4,2023,Baku
9,Mercedes,Russell,2.79,11,2.0,4,2023,Baku
10,Williams,Sargeant,2.81,8,1.0,4,2023,Baku
11,Alfa Romeo,Bottas,2.86,6,,4,2023,Baku
12,Red Bull,Verstappen,2.92,10,,4,2023,Baku
13,Ferrari,Sainz,2.96,11,,4,2023,Baku
14,McLaren,Piastri,3.02,8,,4,2023,Baku
15,Williams,Albon,3.05,7,,4,2023,Baku
16,Alpine,Gasly,3.4,23,,4,2023,Baku
17,Aston Martin,Stroll,3.57,11,,4,2023,Baku
18,Mercedes,Russell,3.73,49,,4,2023,Baku
19,Alfa Romeo,Bottas,3.87,12,,4,2023,Baku
20,Alfa Romeo,Zhou,4.21,11,,4,2023,Baku
21,Aston Martin,Alonso,4.74,11,,4,2023,Baku
22,Haas,Hulkenberg,6.47,49,,4,2023,Baku
23,Haas,Magnussen,13.12,10,,4,2023,Baku
1,Red Bull,Perez,2.11,1,25.0,3,2023,Australia
2,Red Bull,Perez,2.62,2,,3,2023,Australia
3,Alpine,Ocon,2.65,1,18.0,3,2023,Australia
4,Ferrari,Sainz,2.71,7,15.0,3,2023,Australia
5,Williams,Sargeant,2.93,1,12.0,3,2023,Australia
6,AlphaTauri,de Vries,2.94,45,10.0,3,2023,Australia
7,Williams,Sargeant,2.98,2,,3,2023,Australia
8,AlphaTauri,Tsunoda,2.99,54,8.0,3,2023,Australia
9,Alfa Romeo,Zhou,3.37,1,6.0,3,2023,Australia
10,Williams,Sargeant,3.63,36,,3,2023,Australia
11,Alfa Romeo,Bottas,3.65,1,4.0,3,2023,Australia
12,Mercedes,Russell,3.69,7,2.0,3,2023,Australia
13,McLaren,Piastri,3.96,54,1.0,3,2023,Australia
14,Alfa Romeo,Bottas,4.31,53,,3,2023,Australia
15,Haas,Magnussen,5.48,7,,3,2023,Australia
16,Alfa Romeo,Zhou,6.9,54,,3,2023,Australia
1,Ferrari,Leclerc,2.1,16,25.0,2,2023,Jeddah
2,Alpine,Ocon,2.36,16,18.0,2,2023,Jeddah
3,Red Bull,Perez,2.5,18,15.0,2,2023,Jeddah
4,Mercedes,Russell,2.55,18,12.0,2,2023,Jeddah
5,Alpine,Gasly,2.73,14,10.0,2,2023,Jeddah
6,Ferrari,Sainz,2.73,15,8.0,2,2023,Jeddah
7,Red Bull,Verstappen,2.74,18,6.0,2,2023,Jeddah
8,Haas,Magnussen,2.76,8,4.0,2,2023,Jeddah
9,McLaren,Norris,2.88,19,2.0,2,2023,Jeddah
10,Aston Martin,Stroll,2.9,13,1.0,2,2023,Jeddah
11,Williams,Sargeant,2.9,18,,2,2023,Jeddah
12,AlphaTauri,de Vries,2.93,17,,2,2023,Jeddah
13,AlphaTauri,Tsunoda,2.95,17,,2,2023,Jeddah
14,Mercedes,Hamilton,3.06,18,,2,2023,Jeddah
15,Williams,Albon,3.17,17,,2,2023,Jeddah
16,Alfa Romeo,Bottas,3.35,9,,2,2023,Jeddah
17,Haas,Hulkenberg,3.52,11,,2,2023,Jeddah
18,Alfa Romeo,Bottas,3.55,35,,2,2023,Jeddah
19,Alfa Romeo,Bottas,3.65,17,,2,2023,Jeddah
20,Alfa Romeo,Zhou,3.83,18,,2,2023,Jeddah
21,Alfa Romeo,Zhou,4.01,11,,2,2023,Jeddah
22,Aston Martin,Alonso,8.56,18,,2,2023,Jeddah
23,McLaren,Norris,11.1,2,,2,2023,Jeddah
24,McLaren,Piastri,13.2,1,,2,2023,Jeddah
1,Ferrari,Leclerc,2.22,13,25.0,1,2023,Bahrain
2,Red Bull,Verstappen,2.25,14,18.0,1,2023,Bahrain
3,Ferrari,Sainz,2.31,31,15.0,1,2023,Bahrain
4,Ferrari,Sainz,2.36,13,,1,2023,Bahrain
5,Mercedes,Hamilton,2.4,12,12.0,1,2023,Bahrain
6,Red Bull,Perez,2.43,17,10.0,1,2023,Bahrain
7,Aston Martin,Stroll,2.48,30,8.0,1,2023,Bahrain
8,Red Bull,Verstappen,2.5,36,,1,2023,Bahrain
9,Mercedes,Hamilton,2.53,30,,1,2023,Bahrain
10,Mercedes,Russell,2.55,31,6.0,1,2023,Bahrain
11,AlphaTauri,Tsunoda,2.62,26,4.0,1,2023,Bahrain
12,Aston Martin,Alonso,2.64,34,2.0,1,2023,Bahrain
13,Williams,Albon,2.64,40,1.0,1,2023,Bahrain
14,Red Bull,Perez,2.74,34,,1,2023,Bahrain
15,Alpine,Ocon,2.76,12,,1,2023,Bahrain
16,Williams,Albon,2.78,26,,1,2023,Bahrain
17,Alpine,Gasly,2.8,40,,1,2023,Bahrain
18,Alfa Romeo,Bottas,2.81,11,,1,2023,Bahrain
19,Alpine,Gasly,2.88,25,,1,2023,Bahrain
20,Ferrari,Leclerc,2.96,33,,1,2023,Bahrain
21,AlphaTauri,de Vries,2.96,27,,1,2023,Bahrain
22,AlphaTauri,de Vries,2.98,11,,1,2023,Bahrain
23,Haas,Magnussen,3.07,40,,1,2023,Bahrain
24,Williams,Albon,3.1,11,,1,2023,Bahrain
25,Haas,Magnussen,3.15,15,,1,2023,Bahrain
26,Aston Martin,Stroll,3.18,15,,1,2023,Bahrain
27,Haas,Magnussen,3.2,29,,1,2023,Bahrain
28,Alfa Romeo,Bottas,3.21,29,,1,2023,Bahrain
29,Williams,Sargeant,3.21,40,,1,2023,Bahrain
30,Haas,Hulkenberg,3.36,40,,1,2023,Bahrain
31,AlphaTauri,Tsunoda,3.46,10,,1,2023,Bahrain
32,Alfa Romeo,Zhou,3.5,32,,1,2023,Bahrain
33,Aston Martin,Alonso,3.5,14,,1,2023,Bahrain
34,Williams,Sargeant,3.57,30,,1,2023,Bahrain
35,Haas,Hulkenberg,3.61,11,,1,2023,Bahrain
36,Williams,Sargeant,3.65,12,,1,2023,Bahrain
37,Alpine,Gasly,3.79,9,,1,2023,Bahrain
38,Alfa Romeo,Zhou,3.84,12,,1,2023,Bahrain
39,AlphaTauri,Tsunoda,4.22,40,,1,2023,Bahrain
40,Mercedes,Russell,5.04,13,,1,2023,Bahrain
41,Alfa Romeo,Zhou,8.38,54,,1,2023,Bahrain
42,McLaren,Norris,8.78,47,,1,2023,Bahrain
43,McLaren,Norris,9.25,54,,1,2023,Bahrain
44,McLaren,Norris,10.6,10,,1,2023,Bahrain
45,Alpine,Ocon,10.95,0,,1,2023,Bahrain
46,McLaren,Norris,11.1,37,,1,2023,Bahrain
47,McLaren,Norris,11.46,27,,1,2023,Bahrain
48,McLaren,Norris,11.77,17,,1,2023,Bahrain
49,Haas,Hulkenberg,15.39,26,,1,2023,Bahrain
50,Alpine,Ocon,19.59,15,,1,2023,Bahrain
51,Alpine,Ocon,22.04,32,,1,2023,Bahrain
52,McLaren,Piastri,42.57,0,,1,2023,Bahrain
1,Red Bull,Perez,2.32,39,25.0,15,2023,Singapore
2,McLaren,Norris,2.46,20,18.0,15,2023,Singapore
3,Ferrari,Sainz,2.51,20,15.0,15,2023,Singapore
4,McLaren,Piastri,2.54,20,12.0,15,2023,Singapore
5,Alpine,Ocon,2.65,20,10.0,15,2023,Singapore
6,Alfa Romeo,Zhou,2.88,2,8.0,15,2023,Singapore
7,Williams,Albon,2.99,43,6.0,15,2023,Singapore
8,Mercedes,Russell,3.01,20,4.0,15,2023,Singapore
9,Mercedes,Russell,3.01,44,,15,2023,Singapore
10,Red Bull,Verstappen,3.02,40,2.0,15,2023,Singapore
11,Mercedes,Hamilton,3.18,44,1.0,15,2023,Singapore
12,Williams,Albon,3.27,20,,15,2023,Singapore
13,Alfa Romeo,Bottas,3.41,40,,15,2023,Singapore
14,Alfa Romeo,Zhou,3.55,20,,15,2023,Singapore
15,Aston Martin,Alonso,3.66,20,,15,2023,Singapore
16,Mercedes,Hamilton,3.73,20,,15,2023,Singapore
17,Haas,Magnussen,3.92,20,,15,2023,Singapore
18,Williams,Sargeant,4.12,43,,15,2023,Singapore
19,Alpine,Gasly,4.69,20,,15,2023,Singapore
20,Haas,Hulkenberg,4.92,20,,15,2023,Singapore
21,AlphaTauri,Lawson,5.19,20,,15,2023,Singapore
22,Ferrari,Leclerc,5.7,20,,15,2023,Singapore
23,Haas,Magnussen,6.19,43,,15,2023,Singapore
24,Aston Martin,Alonso,25.89,44,,15,2023,Singapore
25,Williams,Sargeant,35.33,19,,15,2023,Singapore
1,Ferrari,Leclerc,2.23,34,25.0,16,2023,Japan
2,Ferrari,Sainz,2.3,18,18.0,16,2023,Japan
3,AlphaTauri,Tsunoda,2.4,9,15.0,16,2023,Japan
4,Ferrari,Leclerc,2.4,17,,16,2023,Japan
5,Aston Martin,Stroll,2.47,14,12.0,16,2023,Japan
6,McLaren,Norris,2.48,36,10.0,16,2023,Japan
7,McLaren,Norris,2.54,17,,16,2023,Japan
8,AlphaTauri,Lawson,2.6,10,8.0,16,2023,Japan
9,McLaren,Piastri,2.6,35,6.0,16,2023,Japan
10,Red Bull,Verstappen,2.64,37,4.0,16,2023,Japan
11,AlphaTauri,Tsunoda,2.69,30,,16,2023,Japan
12,Haas,Hulkenberg,2.79,37,2.0,16,2023,Japan
13,Haas,Magnussen,2.82,12,1.0,16,2023,Japan
14,Ferrari,Sainz,2.82,38,,16,2023,Japan
15,Haas,Hulkenberg,2.84,8,,16,2023,Japan
16,Alpine,Ocon,2.94,28,,16,2023,Japan
17,Mercedes,Russell,2.96,24,,16,2023,Japan
18,Aston Martin,Alonso,2.99,11,,16,2023,Japan
19,Haas,Magnussen,2.99,31,,16,2023,Japan
20,Mercedes,Hamilton,3.0,34,,16,2023,Japan
21,Alfa Romeo,Zhou,3.04,29,,16,2023,Japan
22,AlphaTauri,Lawson,3.06,25,,16,2023,Japan
23,Alfa Romeo,Zhou,3.22,10,,16,2023,Japan
24,Red Bull,Verstappen,3.3,16,,16,2023,Japan
25,Alpine,Gasly,3.44,18,,16,2023,Japan
26,Aston Martin,Alonso,3.45,25,,16,2023,Japan
27,Haas,Hulkenberg,3.54,21,,16,2023,Japan
28,Alpine,Gasly,3.57,34,,16,2023,Japan
29,McLaren,Piastri,3.85,13,,16,2023,Japan
30,Mercedes,Hamilton,4.07,16,,16,2023,Japan
31,Alpine,Ocon,4.82,1,,16,2023,Japan
32,Red Bull,Perez,9.07,14,,16,2023,Japan
33,Red Bull,Perez,11.2,2,,16,2023,Japan
34,Williams,Sargeant,11.64,2,,16,2023,Japan
35,Williams,Sargeant,13.83,21,,16,2023,Japan
36,Red Bull,Perez,18.23,12,,16,2023,Japan
37,Alfa Romeo,Zhou,18.97,1,,16,2023,Japan
38,Williams,Sargeant,23.04,5,,16,2023,Japan
39,Williams,Albon,28.83,1,,16,2023,Japan
40,Williams,Albon,31.41,13,,16,2023,Japan
41,Alfa Romeo,Bottas,32.08,6,,16,2023,Japan
42,Alfa Romeo,Bottas,33.97,1,,16,2023,Japan
1,McLaren,Norris,1.8,27,25.0,17,2023,Qatar
2,Ferrari,Leclerc,1.93,43,18.0,17,2023,Qatar
3,McLaren,Piastri,2.0,43,15.0,17,2023,Qatar
4,McLaren,Norris,2.14,44,,17,2023,Qatar
5,McLaren,Piastri,2.15,25,,17,2023,Qatar
6,AlphaTauri,Tsunoda,2.19,22,12.0,17,2023,Qatar
7,Red Bull,Perez,2.24,17,10.0,17,2023,Qatar
8,Ferrari,Leclerc,2.29,25,,17,2023,Qatar
9,AlphaTauri,Tsunoda,2.3,40,,17,2023,Qatar
10,Aston Martin,Alonso,2.33,11,8.0,17,2023,Qatar
11,Aston Martin,Alonso,2.35,26,,17,2023,Qatar
12,Aston Martin,Alonso,2.39,44,,17,2023,Qatar
13,AlphaTauri,Tsunoda,2.4,9,,17,2023,Qatar
14,Red Bull,Verstappen,2.43,17,6.0,17,2023,Qatar
15,Ferrari,Leclerc,2.45,12,,17,2023,Qatar
16,Aston Martin,Stroll,2.49,21,4.0,17,2023,Qatar
17,Red Bull,Verstappen,2.51,34,,17,2023,Qatar
18,Alpine,Gasly,2.56,11,2.0,17,2023,Qatar
19,Aston Martin,Stroll,2.56,3,,17,2023,Qatar
20,McLaren,Norris,2.56,13,,17,2023,Qatar
21,Mercedes,Russell,2.59,50,1.0,17,2023,Qatar
22,AlphaTauri,Lawson,2.6,39,,17,2023,Qatar
23,Mercedes,Russell,2.63,32,,17,2023,Qatar
24,Haas,Magnussen,2.68,3,,17,2023,Qatar
25,Mercedes,Russell,2.68,14,,17,2023,Qatar
26,Alfa Romeo,Zhou,2.73,18,,17,2023,Qatar
27,Alfa Romeo,Zhou,2.82,35,,17,2023,Qatar
28,Alpine,Ocon,2.97,10,,17,2023,Qatar
29,Alfa Romeo,Zhou,3.0,0,,17,2023,Qatar
30,Haas,Hulkenberg,3.06,27,,17,2023,Qatar
31,Alpine,Ocon,3.07,25,,17,2023,Qatar
32,AlphaTauri,Lawson,3.08,21,,17,2023,Qatar
33,Williams,Albon,3.08,31,,17,2023,Qatar
34,Alfa Romeo,Bottas,3.1,3,,17,2023,Qatar
35,Haas,Magnussen,3.11,21,,17,2023,Qatar
36,Alfa Romeo,Bottas,3.11,39,,17,2023,Qatar
37,Haas,Hulkenberg,3.12,39,,17,2023,Qatar
38,Williams,Albon,3.12,44,,17,2023,Qatar
39,McLaren,Piastri,3.15,12,,17,2023,Qatar
40,AlphaTauri,Lawson,3.23,3,,17,2023,Qatar
41,Alfa Romeo,Bottas,3.27,21,,17,2023,Qatar
42,Alpine,Ocon,3.32,43,,17,2023,Qatar
43,Williams,Sargeant,3.37,13,,17,2023,Qatar
44,Williams,Sargeant,3.39,26,,17,2023,Qatar
45,Williams,Albon,3.46,18,,17,2023,Qatar
46,Aston Martin,Stroll,3.79,39,,17,2023,Qatar
47,Alpine,Gasly,4.07,26,,17,2023,Qatar
48,Red Bull,Verstappen,4.18,51,,17,2023,Qatar
49,Haas,Magnussen,4.6,39,,17,2023,Qatar
50,Red Bull,Perez,7.88,31,,17,2023,Qatar
51,Red Bull,Perez,7.93,43,,17,2023,Qatar
52,Alpine,Gasly,9.03,44,,17,2023,Qatar
53,Mercedes,Russell,12.53,1,,17,2023,Qatar
54,Haas,Hulkenberg,14.1,13,,17,2023,Qatar
1,McLaren,Norris,2.07,34,25.0,18,2023,COTA
2,Alpine,Gasly,2.22,18,18.0,18,2023,COTA
3,Ferrari,Sainz,2.23,35,15.0,18,2023,COTA
4,AlphaTauri,Tsunoda,2.3,54,12.0,18,2023,COTA
5,Red Bull,Perez,2.45,37,10.0,18,2023,COTA
6,Aston Martin,Stroll,2.45,40,8.0,18,2023,COTA
7,Red Bull,Verstappen,2.53,16,6.0,18,2023,COTA
8,Ferrari,Sainz,2.54,17,,18,2023,COTA
9,Mercedes,Russell,2.58,39,4.0,18,2023,COTA
10,Aston Martin,Stroll,2.81,20,,18,2023,COTA
11,AlphaTauri,Ricciardo,2.82,22,2.0,18,2023,COTA
12,AlphaTauri,Tsunoda,2.82,17,,18,2023,COTA
13,Mercedes,Russell,2.82,21,,18,2023,COTA
14,McLaren,Norris,2.83,17,,18,2023,COTA
15,Red Bull,Perez,2.88,17,,18,2023,COTA
16,AlphaTauri,Tsunoda,2.98,34,,18,2023,COTA
17,Haas,Hulkenberg,3.07,34,1.0,18,2023,COTA
18,Ferrari,Leclerc,3.09,23,,18,2023,COTA
19,Alfa Romeo,Bottas,3.11,10,,18,2023,COTA
20,Aston Martin,Alonso,3.12,42,,18,2023,COTA
21,Alfa Romeo,Zhou,3.17,27,,18,2023,COTA
22,Williams,Albon,3.18,10,,18,2023,COTA
23,Aston Martin,Alonso,3.26,19,,18,2023,COTA
24,Haas,Magnussen,3.33,29,,18,2023,COTA
25,Alpine,Gasly,3.38,37,,18,2023,COTA
26,Red Bull,Verstappen,3.39,35,,18,2023,COTA
27,Mercedes,Hamilton,3.41,38,,18,2023,COTA
28,Williams,Albon,3.44,29,,18,2023,COTA
29,Alfa Romeo,Bottas,3.5,28,,18,2023,COTA
30,Haas,Magnussen,3.56,10,,18,2023,COTA
31,Mercedes,Hamilton,3.64,20,,18,2023,COTA
32,Williams,Sargeant,3.67,11,,18,2023,COTA
33,Alfa Romeo,Zhou,4.12,9,,18,2023,COTA
34,Haas,Hulkenberg,4.35,19,,18,2023,COTA
35,Williams,Sargeant,4.4,32,,18,2023,COTA
36,AlphaTauri,Ricciardo,4.8,47,,18,2023,COTA
1,Ferrari,Sainz,2.35,30,25.0,19,2023,Mexico
2,AlphaTauri,Ricciardo,2.37,27,18.0,19,2023,Mexico
3,Red Bull,Verstappen,2.42,33,15.0,19,2023,Mexico
4,Red Bull,Verstappen,2.46,19,,19,2023,Mexico
5,Ferrari,Leclerc,2.49,31,12.0,19,2023,Mexico
6,Aston Martin,Stroll,2.55,30,10.0,19,2023,Mexico
7,Mercedes,Hamilton,2.56,24,8.0,19,2023,Mexico
8,McLaren,Norris,2.6,33,6.0,19,2023,Mexico
9,Mercedes,Russell,2.62,26,4.0,19,2023,Mexico
10,Alpine,Gasly,2.81,28,2.0,19,2023,Mexico
11,Aston Martin,Alonso,2.83,29,1.0,19,2023,Mexico
12,McLaren,Norris,2.85,11,,19,2023,Mexico
13,Alfa Romeo,Zhou,2.92,21,,19,2023,Mexico
14,Haas,Hulkenberg,3.31,23,,19,2023,Mexico
15,McLaren,Piastri,3.37,25,,19,2023,Mexico
16,Haas,Magnussen,3.48,23,,19,2023,Mexico
17,Williams,Albon,3.58,33,,19,2023,Mexico
18,Alfa Romeo,Bottas,3.62,31,,19,2023,Mexico
19,Williams,Sargeant,4.23,22,,19,2023,Mexico
20,AlphaTauri,Tsunoda,10.15,9,,19,2023,Mexico
1,Red Bull,Verstappen,2.22,27,25.0,20,2023,Brazil
2,McLaren,Piastri,2.25,23,18.0,20,2023,Brazil
3,Red Bull,Perez,2.27,20,15.0,20,2023,Brazil
4,AlphaTauri,Tsunoda,2.29,55,12.0,20,2023,Brazil
5,Ferrari,Sainz,2.35,26,10.0,20,2023,Brazil
6,Red Bull,Perez,2.37,46,,20,2023,Brazil
7,AlphaTauri,Tsunoda,2.4,26,,20,2023,Brazil
8,Aston Martin,Stroll,2.51,22,8.0,20,2023,Brazil
9,McLaren,Piastri,2.52,52,,20,2023,Brazil
10,Red Bull,Verstappen,2.53,56,,20,2023,Brazil
11,Aston Martin,Alonso,2.58,47,6.0,20,2023,Brazil
12,McLaren,Norris,2.58,59,4.0,20,2023,Brazil
13,Alpine,Gasly,2.59,46,2.0,20,2023,Brazil
14,AlphaTauri,Ricciardo,2.6,55,1.0,20,2023,Brazil
15,Alfa Romeo,Zhou,2.61,15,,20,2023,Brazil
16,McLaren,Norris,2.62,27,,20,2023,Brazil
17,Mercedes,Hamilton,2.7,18,,20,2023,Brazil
18,Aston Martin,Alonso,2.81,25,,20,2023,Brazil
19,AlphaTauri,Ricciardo,2.83,26,,20,2023,Brazil
20,Alpine,Ocon,2.88,51,,20,2023,Brazil
21,Ferrari,Sainz,2.88,51,,20,2023,Brazil
22,Mercedes,Russell,2.92,19,,20,2023,Brazil
23,Alfa Romeo,Bottas,2.96,18,,20,2023,Brazil
24,Mercedes,Russell,3.08,45,,20,2023,Brazil
25,Mercedes,Hamilton,3.13,46,,20,2023,Brazil
26,Haas,Hulkenberg,3.15,46,,20,2023,Brazil
27,Alpine,Ocon,3.18,14,,20,2023,Brazil
28,Alpine,Ocon,3.2,31,,20,2023,Brazil
29,Haas,Hulkenberg,3.38,21,,20,2023,Brazil
30,Williams,Sargeant,3.43,44,,20,2023,Brazil
31,Williams,Sargeant,3.5,17,,20,2023,Brazil
32,Williams,Sargeant,3.57,1,,20,2023,Brazil
33,Alpine,Gasly,4.14,26,,20,2023,Brazil
34,Aston Martin,Stroll,4.32,52,,20,2023,Brazil
35,Haas,Hulkenberg,9.09,1,,20,2023,Brazil
1,McLaren,Piastri,1.99,43,25.0,21,2023,Vegas
2,AlphaTauri,Tsunoda,2.2,10,18.0,21,2023,Vegas
3,Ferrari,Sainz,2.25,3,15.0,21,2023,Vegas
4,Red Bull,Perez,2.45,26,12.0,21,2023,Vegas
5,AlphaTauri,Tsunoda,2.49,21,,21,2023,Vegas
6,Mercedes,Russell,2.58,15,10.0,21,2023,Vegas
7,Williams,Sargeant,2.6,15,8.0,21,2023,Vegas
8,Williams,Albon,2.61,16,6.0,21,2023,Vegas
9,Alfa Romeo,Bottas,2.63,24,4.0,21,2023,Vegas
10,Red Bull,Verstappen,2.71,26,2.0,21,2023,Vegas
11,Haas,Magnussen,2.89,14,1.0,21,2023,Vegas
12,Alpine,Ocon,2.95,20,,21,2023,Vegas
13,Mercedes,Russell,2.99,26,,21,2023,Vegas
14,Haas,Magnussen,3.07,26,,21,2023,Vegas
15,Alfa Romeo,Zhou,3.08,26,,21,2023,Vegas
16,AlphaTauri,Ricciardo,3.16,17,,21,2023,Vegas
17,Ferrari,Sainz,3.17,26,,21,2023,Vegas
18,Alpine,Gasly,3.25,17,,21,2023,Vegas
19,Haas,Hulkenberg,3.33,12,,21,2023,Vegas
20,Aston Martin,Stroll,3.35,26,,21,2023,Vegas
21,Haas,Hulkenberg,3.62,26,,21,2023,Vegas
22,Aston Martin,Stroll,3.65,3,,21,2023,Vegas
23,Mercedes,Hamilton,3.77,26,,21,2023,Vegas
24,Ferrari,Leclerc,3.91,21,,21,2023,Vegas
25,Aston Martin,Alonso,4.02,26,,21,2023,Vegas
26,McLaren,Piastri,4.41,16,,21,2023,Vegas
27,Mercedes,Hamilton,6.36,17,,21,2023,Vegas
28,Red Bull,Verstappen,7.74,16,,21,2023,Vegas
29,Aston Martin,Alonso,9.46,1,,21,2023,Vegas
30,Red Bull,Perez,11.48,1,,21,2023,Vegas
31,Alfa Romeo,Bottas,24.73,1,,21,2023,Vegas
1,Ferrari,Sainz,2.16,23,25.0,22,2023,Abu Dhabi
2,McLaren,Norris,2.22,33,18.0,22,2023,Abu Dhabi
3,McLaren,Piastri,2.22,36,15.0,22,2023,Abu Dhabi
4,Ferrari,Sainz,2.25,56,,22,2023,Abu Dhabi
5,Red Bull,Perez,2.27,42,12.0,22,2023,Abu Dhabi
6,Red Bull,Verstappen,2.32,43,10.0,22,2023,Abu Dhabi
7,AlphaTauri,Ricciardo,2.36,7,8.0,22,2023,Abu Dhabi
8,Ferrari,Leclerc,2.37,35,6.0,22,2023,Abu Dhabi
9,Red Bull,Perez,2.46,17,,22,2023,Abu Dhabi
10,AlphaTauri,Tsunoda,2.53,22,4.0,22,2023,Abu Dhabi
11,Aston Martin,Alonso,2.53,36,2.0,22,2023,Abu Dhabi
12,AlphaTauri,Ricciardo,2.59,31,,22,2023,Abu Dhabi
13,McLaren,Piastri,2.64,13,,22,2023,Abu Dhabi
14,Alpine,Ocon,2.71,15,1.0,22,2023,Abu Dhabi
15,Williams,Sargeant,2.75,41,,22,2023,Abu Dhabi
16,Ferrari,Leclerc,2.77,17,,22,2023,Abu Dhabi
17,Alfa Romeo,Zhou,2.84,37,,22,2023,Abu Dhabi
18,Haas,Hulkenberg,2.85,13,,22,2023,Abu Dhabi
19,Williams,Albon,2.89,43,,22,2023,Abu Dhabi
20,Aston Martin,Stroll,2.9,22,,22,2023,Abu Dhabi
21,Red Bull,Verstappen,2.91,16,,22,2023,Abu Dhabi
22,Aston Martin,Stroll,2.91,42,,22,2023,Abu Dhabi
23,Haas,Magnussen,2.92,22,,22,2023,Abu Dhabi
24,Mercedes,Russell,2.97,14,,22,2023,Abu Dhabi
25,Williams,Sargeant,2.98,15,,22,2023,Abu Dhabi
26,Alfa Romeo,Bottas,3.07,29,,22,2023,Abu Dhabi
27,Aston Martin,Alonso,3.1,12,,22,2023,Abu Dhabi
28,Mercedes,Russell,3.1,34,,22,2023,Abu Dhabi
29,Haas,Hulkenberg,3.12,33,,22,2023,Abu Dhabi
30,Mercedes,Hamilton,3.21,15,,22,2023,Abu Dhabi
31,Alfa Romeo,Zhou,3.33,13,,22,2023,Abu Dhabi
32,Williams,Albon,3.36,16,,22,2023,Abu Dhabi
33,Mercedes,Hamilton,3.41,35,,22,2023,Abu Dhabi
34,Haas,Magnussen,3.5,5,,22,2023,Abu Dhabi
35,Alpine,Gasly,3.54,17,,22,2023,Abu Dhabi
36,Alpine,Gasly,4.13,32,,22,2023,Abu Dhabi
37,McLaren,Norris,5.16,14,,22,2023,Abu Dhabi
1,Ferrari,Leclerc,2.23,11,25,1,2024,Bahrain
2,Ferrari,Sainz,2.27,35,18,1,2024,Bahrain
3,Red Bull,Verstappen,2.27,37,15,1,2024,Bahrain
4,Red Bull,Perez,2.29,12,12,1,2024,Bahrain
5,McLaren,Norris,2.33,13,10,1,2024,Bahrain
6,RB,Tsunoda,2.34,34,8,1,2024,Bahrain
7,Ferrari,Leclerc,2.37,34,,1,2024,Bahrain
8,Mercedes,Hamilton,2.51,33,6,1,2024,Bahrain
9,RB,Tsunoda,2.51,14,,1,2024,Bahrain
10,Haas,Magnussen,2.56,32,4,1,2024,Bahrain
11,Aston Martin,Stroll,2.57,9,2,1,2024,Bahrain
12,Ferrari,Sainz,2.60,14,,1,2024,Bahrain
13,Alpine,Ocon,2.64,10,1,1,2024,Bahrain
14,RB,Ricciardo,2.73,35,,1,2024,Bahrain
15,Haas,Hulkenberg,2.74,41,,1,2024,Bahrain
16,Red Bull,Perez,2.76,36,,1,2024,Bahrain
17,Sauber,Zhou,2.77,28,,1,2024,Bahrain
18,Haas,Hulkenberg,2.79,20,,1,2024,Bahrain
19,Mercedes,Russell,2.81,11,,1,2024,Bahrain
20,RB,Ricciardo,2.83,13,,1,2024,Bahrain
21,Williams,Albon,2.84,36,,1,2024,Bahrain
22,Aston Martin,Stroll,2.85,27,,1,2024,Bahrain
23,McLaren,Norris,2.94,33,,1,2024,Bahrain
24,Mercedes,Russell,2.94,31,,1,2024,Bahrain
25,Red Bull,Verstappen,2.97,17,,1,2024,Bahrain
26,Williams,Albon,3.01,15,,1,2024,Bahrain
27,Alpine,Ocon,3.01,30,,1,2024,Bahrain
28,Sauber,Zhou,3.03,9,,1,2024,Bahrain
29,Aston Martin,Alonso,3.14,15,,1,2024,Bahrain
30,Williams,Sargeant,3.15,28,,1,2024,Bahrain
31,McLaren,Piastri,3.20,34,,1,2024,Bahrain
32,Aston Martin,Alonso,3.26,41,,1,2024,Bahrain
33,Mercedes,Hamilton,3.40,12,,1,2024,Bahrain
34,Alpine,Gasly,3.42,43,,1,2024,Bahrain
35,Williams,Sargeant,3.45,40,,1,2024,Bahrain
36,McLaren,Piastri,3.57,12,,1,2024,Bahrain
37,Haas,Magnussen,3.88,11,,1,2024,Bahrain
38,Sauber,Bottas,4.30,12,,1,2024,Bahrain
39,Alpine,Gasly,4.37,31,,1,2024,Bahrain
40,Alpine,Gasly,8.03,12,,1,2024,Bahrain
41,Williams,Sargeant,13.54,10,,1,2024,Bahrain
42,Haas,Hulkenberg,14.35,1,,1,2024,Bahrain
43,Sauber,Bottas,52.44,30,,1,2024,Bahrain
1,Red Bull,Verstappen,2.44,7,25,2,2024,Jeddah
2,Mercedes,Hamilton,2.51,36,18,2,2024,Jeddah
3,Red Bull,Perez,2.70,7,15,2,2024,Jeddah
4,Aston Martin,Alonso,2.74,7,12,2,2024,Jeddah
5,Mercedes,Russell,2.97,7,10,2,2024,Jeddah
6,Haas,Hulkenberg,3.03,33,8,2,2024,Jeddah
7,McLaren,Piastri,3.28,7,6,2,2024,Jeddah
8,Haas,Magnussen,3.29,7,4,2,2024,Jeddah
9,Ferrari,Bearman,3.48,7,2,2,2024,Jeddah
10,RB,Tsunoda,3.59,7,1,2,2024,Jeddah
11,Sauber,Bottas,3.62,35,,2,2024,Jeddah
12,Williams,Albon,3.66,7,,2,2024,Jeddah
13,McLaren,Norris,4.04,37,,2,2024,Jeddah
14,Alpine,Ocon,4.05,7,,2,2024,Jeddah
15,Sauber,Bottas,5.14,7,,2,2024,Jeddah
16,Ferrari,Leclerc,5.31,7,,2,2024,Jeddah
17,Williams,Sargeant,5.36,7,,2,2024,Jeddah
18,Sauber,Zhou,28.71,41,,2,2024,Jeddah
19,RB,Ricciardo,41.61,7,,2,2024,Jeddah
1,Red Bull,Perez,2.10,35,25,3,2024,Australia
2,Ferrari,Leclerc,2.18,34,18,3,2024,Australia
3,Ferrari,Leclerc,2.20,9,,3,2024,Australia
4,Alpine,Ocon,2.43,42,15,3,2024,Australia
5,Mercedes,Hamilton,2.46,7,12,3,2024,Australia
6,RB,Tsunoda,2.47,36,10,3,2024,Australia
7,McLaren,Piastri,2.49,9,8,3,2024,Australia
8,Mercedes,Russell,2.51,45,6,3,2024,Australia
9,Williams,Albon,2.54,6,4,3,2024,Australia
10,Alpine,Gasly,2.58,41,2,3,2024,Australia
11,Mercedes,Russell,2.59,8,,3,2024,Australia
12,Ferrari,Sainz,2.61,16,1,3,2024,Australia
13,McLaren,Norris,2.63,14,,3,2024,Australia
14,McLaren,Norris,2.63,40,,3,2024,Australia
15,Aston Martin,Stroll,2.65,8,,3,2024,Australia
16,Aston Martin,Alonso,2.66,41,,3,2024,Australia
17,Ferrari,Sainz,2.67,41,,3,2024,Australia
18,RB,Ricciardo,2.67,29,,3,2024,Australia
19,Williams,Albon,2.75,27,,3,2024,Australia
20,Haas,Hulkenberg,2.82,35,,3,2024,Australia
21,Aston Martin,Alonso,2.83,17,,3,2024,Australia
22,Aston Martin,Stroll,2.87,37,,3,2024,Australia
23,Alpine,Ocon,2.88,9,,3,2024,Australia
24,Red Bull,Perez,2.88,14,,3,2024,Australia
25,RB,Ricciardo,2.88,5,,3,2024,Australia
26,Haas,Hulkenberg,3.00,17,,3,2024,Australia
27,Haas,Magnussen,3.04,7,,3,2024,Australia
28,Haas,Magnussen,3.05,33,,3,2024,Australia
29,RB,Tsunoda,3.37,9,,3,2024,Australia
30,Sauber,Zhou,3.40,6,,3,2024,Australia
31,McLaren,Piastri,3.51,39,,3,2024,Australia
32,Sauber,Bottas,3.63,36,,3,2024,Australia
33,Alpine,Gasly,5.04,17,,3,2024,Australia
34,Alpine,Ocon,14.71,16,,3,2024,Australia
35,Sauber,Zhou,20.20,35,,3,2024,Australia
36,Sauber,Bottas,31.18,8,,3,2024,Australia
1,Red Bull,Verstappen,2.08,34,25,4,2024,Japan
2,Red Bull,Perez,2.13,33,18,4,2024,Japan
3,Red Bull,Perez,2.16,15,,4,2024,Japan
4,Red Bull,Verstappen,2.17,16,,4,2024,Japan
5,McLaren,Norris,2.31,11,15,4,2024,Japan
6,Ferrari,Sainz,2.32,15,12,4,2024,Japan
7,Alpine,Gasly,2.32,32,10,4,2024,Japan
8,Aston Martin,Alonso,2.34,13,8,4,2024,Japan
9,Alpine,Ocon,2.35,19,6,4,2024,Japan
10,Mercedes,Russell,2.37,37,4,4,2024,Japan
11,Williams,Sargeant,2.39,41,2,4,2024,Japan
12,Aston Martin,Stroll,2.42,34,1,4,2024,Japan
13,Aston Martin,Alonso,2.42,33,,4,2024,Japan
14,Aston Martin,Stroll,2.43,22,,4,2024,Japan
15,McLaren,Piastri,2.45,32,,4,2024,Japan
16,Ferrari,Leclerc,2.46,26,,4,2024,Japan
17,RB,Tsunoda,2.56,7,,4,2024,Japan
18,McLaren,Norris,2.61,26,,4,2024,Japan
19,Mercedes,Hamilton,2.62,23,,4,2024,Japan
20,Aston Martin,Stroll,2.63,12,,4,2024,Japan
21,Mercedes,Russell,2.67,22,,4,2024,Japan
22,RB,Tsunoda,2.76,22,,4,2024,Japan
23,Ferrari,Sainz,2.90,36,,4,2024,Japan
24,Haas,Hulkenberg,2.93,5,,4,2024,Japan
25,Sauber,Zhou,2.93,7,,4,2024,Japan
26,McLaren,Piastri,2.97,12,,4,2024,Japan
27,Alpine,Ocon,3.24,33,,4,2024,Japan
28,Alpine,Gasly,3.25,16,,4,2024,Japan
29,Haas,Hulkenberg,3.31,33,,4,2024,Japan
30,Mercedes,Hamilton,3.32,39,,4,2024,Japan
31,Williams,Sargeant,3.38,34,,4,2024,Japan
32,Sauber,Bottas,4.06,6,,4,2024,Japan
33,Williams,Sargeant,4.28,22,,4,2024,Japan
34,Sauber,Bottas,4.94,22,,4,2024,Japan
35,Haas,Magnussen,5.41,22,,4,2024,Japan
36,Sauber,Zhou,5.43,11,,4,2024,Japan